{"r_top__r_VH": -0.06332137435674667, "r_top__r_top": 1.0, "r_top__r_ggH": 0.0257843229919672, "r_VBF__r_VH": 0.03198447450995445, "r_VH__r_VBF": 0.03198447450995445, "r_VH__r_VH": 1.0, "r_VH__r_top": -0.06332137435674667, "r_ggH__r_VBF": -0.16955560445785522, "r_VH__r_ggH": -0.055642928928136826, "r_VBF__r_top": 0.004987689200788736, "r_VBF__r_ggH": -0.16955560445785522, "r_VBF__r_VBF": 1.0, "r_ggH__r_top": 0.0257843229919672, "r_ggH__r_ggH": 1.0, "r_top__r_VBF": 0.004987689200788736, "r_ggH__r_VH": -0.055642928928136826}