{"r_ZH_lep__r_WH_lep": -0.18763047456741333, "r_qqH__r_ggH": -0.3554018437862396, "r_ttH__r_tH": -0.6300841569900513, "r_ttH__r_qqH": 0.03958015516400337, "r_WH_lep__r_tH": -0.18363183736801147, "r_WH_lep__r_ggH": 0.0029729523230344057, "r_tH__r_WH_lep": -0.18363183736801147, "r_ggH__r_ggH": 1.0, "r_ttH__r_ggH": 0.0262558963149786, "r_ttH__r_ZH_lep": 0.012615041807293892, "r_ZH_lep__r_tH": -0.029356347396969795, "r_tH__r_tH": 1.0, "r_ttH__r_WH_lep": 0.09183395653963089, "r_qqH__r_WH_lep": 0.009902715682983398, "r_ggH__r_qqH": -0.3554018437862396, "r_WH_lep__r_ZH_lep": -0.18763047456741333, "r_ZH_lep__r_ttH": 0.012615041807293892, "r_ZH_lep__r_ZH_lep": 1.0, "r_tH__r_ttH": -0.6300841569900513, "r_ggH__r_ttH": 0.0262558963149786, "r_WH_lep__r_WH_lep": 1.0, "r_WH_lep__r_qqH": 0.009902715682983398, "r_qqH__r_tH": -0.047842223197221756, "r_ggH__r_WH_lep": 0.0029729523230344057, "r_tH__r_ZH_lep": -0.029356347396969795, "r_ZH_lep__r_qqH": -0.0010973537573590875, "r_ggH__r_ZH_lep": 0.008379260078072548, "r_tH__r_qqH": -0.047842223197221756, "r_ggH__r_tH": -0.03146838769316673, "r_qqH__r_ttH": 0.03958015516400337, "r_WH_lep__r_ttH": 0.09183395653963089, "r_ZH_lep__r_ggH": 0.008379260078072548, "r_ttH__r_ttH": 1.0, "r_tH__r_ggH": -0.03146838769316673, "r_qqH__r_qqH": 1.0, "r_qqH__r_ZH_lep": -0.0010973537573590875}