{"r_ZH_lep__r_WH_lep": -0.16350097954273224, "r_qqH__r_ggH": -0.31526222825050354, "r_ttH__r_tH": -0.5911642909049988, "r_ttH__r_qqH": 0.04058070480823517, "r_WH_lep__r_tH": -0.17677612602710724, "r_WH_lep__r_ggH": 0.009078589268028736, "r_tH__r_WH_lep": -0.17677612602710724, "r_ggH__r_ggH": 1.0, "r_ttH__r_ggH": 0.026233846321702003, "r_ttH__r_ZH_lep": 0.011112527921795845, "r_ZH_lep__r_tH": -0.027759047225117683, "r_tH__r_tH": 1.0, "r_ttH__r_WH_lep": 0.08493825048208237, "r_qqH__r_WH_lep": 0.0053807590156793594, "r_ggH__r_qqH": -0.31526222825050354, "r_WH_lep__r_ZH_lep": -0.16350097954273224, "r_ZH_lep__r_ttH": 0.011112527921795845, "r_ZH_lep__r_ZH_lep": 1.0, "r_tH__r_ttH": -0.5911642909049988, "r_ggH__r_ttH": 0.026233846321702003, "r_WH_lep__r_WH_lep": 1.0, "r_WH_lep__r_qqH": 0.0053807590156793594, "r_qqH__r_tH": -0.04745775833725929, "r_ggH__r_WH_lep": 0.009078589268028736, "r_tH__r_ZH_lep": -0.027759047225117683, "r_ZH_lep__r_qqH": -0.0027120315935462713, "r_ggH__r_ZH_lep": 0.011915314011275768, "r_tH__r_qqH": -0.04745775833725929, "r_ggH__r_tH": -0.02050148695707321, "r_qqH__r_ttH": 0.04058070480823517, "r_WH_lep__r_ttH": 0.08493825048208237, "r_ZH_lep__r_ggH": 0.011915314011275768, "r_ttH__r_ttH": 1.0, "r_tH__r_ggH": -0.02050148695707321, "r_qqH__r_qqH": 1.0, "r_qqH__r_ZH_lep": -0.0027120315935462713}