{"r_WH_lep__r_qqH_VHhad": 0.016652515158057213, "r_ggH_2J_med__r_ggH_2J_med": 1.0, "r_ggH_2J_low__r_ZH_lep": 0.001383015769533813, "r_ggH_2J_low__r_qqH_VHhad": -0.08830715715885162, "r_qqH_BSM__r_ggH_0J_low": 0.0031233520712703466, "r_qqH_BSM__r_qqH_VBFlike": 0.005184180568903685, "r_qqH_BSM__r_ggH_2J_low": 0.0003340391849633306, "r_WH_lep__r_ggH_1J_high": -0.002758624264970422, "r_ggH_2J_high__r_ggH_0J_high": 0.007789996452629566, "r_ggH_1J_med__r_ggH_0J_high": -0.0022750156931579113, "r_ggH_BSM__r_ZH_lep": 0.005872450768947601, "r_ggH_1J_med__r_ggH_VBFlike": -0.03292210027575493, "r_ggH_2J_med__r_ttH": 0.011465026065707207, "r_ggH_2J_high__r_ggH_1J_high": -0.2452016919851303, "r_qqH_VBFlike__r_ggH_BSM": 0.02197212167084217, "r_ggH_2J_med__r_ggH_2J_low": -5.6654094805708155e-05, "r_ggH_0J_low__r_ggH_1J_low": 0.00623617647215724, "r_ggH_2J_low__r_ggH_BSM": 0.018859075382351875, "r_ggH_2J_low__r_ggH_2J_high": 0.02496683970093727, "r_ggH_1J_med__r_qqH_VHhad": 0.04639657959342003, "r_ggH_2J_med__r_ggH_0J_high": 0.0036302434746176004, "r_tH__r_ggH_1J_med": 0.016425391659140587, "r_ggH_0J_low__r_qqH_BSM": 0.0031233520712703466, "r_ggH_1J_med__r_ggH_2J_low": 0.009343507699668407, "r_qqH_BSM__r_tH": 0.004684190731495619, "r_ggH_2J_high__r_ggH_2J_low": 0.02496683970093727, "r_ZH_lep__r_qqH_BSM": -0.0018135698046535254, "r_ttH__r_ggH_2J_med": 0.011465026065707207, "r_ggH_BSM__r_tH": -0.11519971489906311, "r_qqH_VBFlike__r_ggH_0J_low": 0.0031340436544269323, "r_ttH__r_ggH_2J_low": 0.003217222634702921, "r_ggH_0J_high__r_ggH_1J_med": -0.0022750156931579113, "r_ttH__r_ggH_1J_med": -0.003940470516681671, "r_ggH_0J_low__r_tH": 0.0010758377611637115, "r_tH__r_ggH_VBFlike": -0.04694779962301254, "r_ggH_2J_med__r_tH": -0.021353278309106827, "r_ggH_2J_low__r_ggH_1J_med": 0.009343507699668407, "r_WH_lep__r_qqH_BSM": 0.0003459279250819236, "r_ggH_1J_high__r_ggH_2J_low": -0.00220959703437984, "r_tH__r_ggH_0J_high": -0.0002722918288782239, "r_ggH_1J_low__r_qqH_VHhad": 0.018948204815387726, "r_ggH_2J_low__r_ggH_0J_low": -0.02058964967727661, "r_WH_lep__r_ZH_lep": -0.18727511167526245, "r_ggH_1J_med__r_qqH_BSM": 0.0014387847622856498, "r_ZH_lep__r_qqH_VBFlike": -0.0007062538061290979, "r_tH__r_ggH_2J_med": -0.021353278309106827, "r_ggH_VBFlike__r_ggH_2J_high": -0.1012844443321228, "r_ZH_lep__r_ggH_0J_low": 0.0036267584655433893, "r_ggH_2J_high__r_ttH": 0.011637928895652294, "r_ggH_2J_med__r_ggH_1J_med": -0.39169055223464966, "r_ggH_BSM__r_qqH_BSM": -0.3182046413421631, "r_ggH_VBFlike__r_ggH_2J_low": -0.06114513427019119, "r_qqH_VHhad__r_ggH_0J_high": 0.004808567464351654, "r_ggH_BSM__r_ggH_2J_low": 0.018859075382351875, "r_ggH_VBFlike__r_qqH_VBFlike": -0.7726827263832092, "r_tH__r_qqH_VHhad": -0.0778704360127449, "r_ggH_0J_high__r_ggH_0J_high": 1.0, "r_ggH_VBFlike__r_ggH_1J_med": -0.03292210027575493, "r_qqH_BSM__r_ZH_lep": -0.0018135698046535254, "r_tH__r_tH": 1.0, "r_ggH_2J_med__r_ggH_1J_low": 0.020557647570967674, "r_qqH_VBFlike__r_ggH_2J_high": 0.0662338063120842, "r_ggH_1J_high__r_ggH_VBFlike": -0.026513881981372833, "r_WH_lep__r_ggH_0J_low": 0.00523274065926671, "r_WH_lep__r_ttH": 0.09379933029413223, "r_ggH_2J_med__r_qqH_BSM": 0.0008057305822148919, "r_ggH_BSM__r_ggH_2J_high": 0.03285476937890053, "r_ggH_1J_high__r_qqH_BSM": 0.0037657322827726603, "r_ttH__r_ttH": 1.0, "r_ggH_2J_low__r_qqH_VBFlike": 0.046634573489427567, "r_qqH_VHhad__r_ggH_1J_med": 0.04639657959342003, "r_ggH_VBFlike__r_qqH_VHhad": 0.04697103425860405, "r_ggH_VBFlike__r_ZH_lep": 0.001127694733440876, "r_ZH_lep__r_ggH_1J_low": 0.0013573284959420562, "r_ggH_2J_high__r_ggH_VBFlike": -0.1012844443321228, "r_ggH_0J_high__r_ZH_lep": 0.006844102405011654, "r_ggH_0J_low__r_ggH_1J_high": 0.006636566016823053, "r_ggH_0J_high__r_ggH_2J_low": -0.005971952807158232, "r_ggH_1J_high__r_ttH": -0.0030571678653359413, "r_tH__r_WH_lep": -0.1861824244260788, "r_ttH__r_qqH_BSM": 0.007083323784172535, "r_ggH_2J_low__r_ggH_2J_med": -5.6654094805708155e-05, "r_ttH__r_tH": -0.6315620541572571, "r_qqH_VBFlike__r_qqH_VHhad": -0.024995625019073486, "r_ZH_lep__r_ggH_2J_med": 0.00262266187928617, "r_WH_lep__r_tH": -0.1861824244260788, "r_ggH_0J_low__r_ttH": 0.006729987915605307, "r_ggH_BSM__r_ggH_1J_low": 0.0044167302548885345, "r_qqH_BSM__r_ggH_1J_med": 0.0014387847622856498, "r_ZH_lep__r_ggH_1J_high": -0.0008509184117428958, "r_ggH_1J_med__r_tH": 0.016425391659140587, "r_ggH_VBFlike__r_ggH_BSM": -0.025385180488228798, "r_tH__r_qqH_VBFlike": 0.027986682951450348, "r_ggH_1J_high__r_tH": 0.01302347518503666, "r_qqH_BSM__r_ggH_BSM": -0.3182046413421631, "r_ttH__r_ZH_lep": 0.01298443041741848, "r_qqH_VHhad__r_qqH_VBFlike": -0.024995625019073486, "r_ggH_2J_med__r_ggH_2J_high": 0.003402383765205741, "r_ggH_0J_high__r_ggH_1J_low": -0.33453693985939026, "r_qqH_BSM__r_qqH_BSM": 1.0, "r_ttH__r_ggH_VBFlike": 0.026358552277088165, "r_ggH_1J_high__r_WH_lep": -0.002758624264970422, "r_ZH_lep__r_tH": -0.029837409034371376, "r_ZH_lep__r_ggH_VBFlike": 0.001127694733440876, "r_ggH_2J_high__r_ggH_0J_low": 0.004751509986817837, "r_ggH_1J_med__r_WH_lep": -0.016168929636478424, "r_WH_lep__r_ggH_2J_low": -0.0030104932375252247, "r_ggH_0J_low__r_ggH_2J_med": 0.004727251827716827, "r_ggH_1J_high__r_ggH_0J_low": 0.006636566016823053, "r_ggH_BSM__r_ggH_0J_low": 0.009153496474027634, "r_qqH_VBFlike__r_ggH_1J_high": -0.03503347933292389, "r_ZH_lep__r_ggH_0J_high": 0.006844102405011654, "r_tH__r_ggH_0J_low": 0.0010758377611637115, "r_ggH_1J_high__r_qqH_VHhad": 0.047762516885995865, "r_ggH_1J_high__r_ggH_1J_high": 1.0, "r_qqH_VHhad__r_ggH_0J_low": 0.004109720699489117, "r_ttH__r_qqH_VBFlike": -0.004376641940325499, "r_ggH_2J_high__r_WH_lep": 0.003503659041598439, "r_ggH_2J_high__r_ggH_2J_med": 0.003402383765205741, "r_qqH_VBFlike__r_tH": 0.027986682951450348, "r_ggH_2J_low__r_tH": -0.009579076431691647, "r_ggH_2J_high__r_ZH_lep": 0.001177673926576972, "r_ggH_1J_low__r_ggH_1J_med": -0.011392921209335327, "r_ggH_0J_low__r_ggH_2J_low": -0.02058964967727661, "r_ggH_BSM__r_ttH": 0.052214425057172775, "r_qqH_VHhad__r_ggH_2J_high": -0.31416255235671997, "r_ggH_0J_high__r_ggH_1J_high": 0.019589001312851906, "r_ggH_0J_high__r_ttH": 0.0071119279600679874, "r_ggH_0J_high__r_ggH_BSM": 0.021969294175505638, "r_ZH_lep__r_ggH_BSM": 0.005872450768947601, "r_ggH_2J_med__r_qqH_VHhad": -0.18626633286476135, "r_ggH_2J_high__r_ggH_BSM": 0.03285476937890053, "r_ggH_1J_med__r_ggH_1J_low": -0.011392921209335327, "r_qqH_BSM__r_ttH": 0.007083323784172535, "r_ggH_VBFlike__r_tH": -0.04694779962301254, "r_ggH_1J_med__r_qqH_VBFlike": -0.01497370470315218, "r_ggH_1J_low__r_ttH": 0.007872791029512882, "r_ggH_2J_high__r_ggH_2J_high": 1.0, "r_ggH_2J_med__r_WH_lep": 0.0022257103119045496, "r_ggH_1J_low__r_ZH_lep": 0.0013573284959420562, "r_WH_lep__r_ggH_1J_med": -0.016168929636478424, "r_ttH__r_ggH_BSM": 0.052214425057172775, "r_ggH_0J_low__r_ZH_lep": 0.0036267584655433893, "r_ggH_2J_low__r_ttH": 0.003217222634702921, "r_ggH_1J_low__r_tH": 0.007795508950948715, "r_ggH_1J_high__r_ggH_2J_med": 0.0076722269877791405, "r_ggH_1J_med__r_ttH": -0.003940470516681671, "r_ggH_2J_low__r_WH_lep": -0.0030104932375252247, "r_tH__r_ttH": -0.6315620541572571, "r_ZH_lep__r_WH_lep": -0.18727511167526245, "r_WH_lep__r_ggH_VBFlike": 0.008625362068414688, "r_ggH_1J_low__r_ggH_2J_low": -0.33640074729919434, "r_qqH_VHhad__r_ggH_1J_high": 0.047762516885995865, "r_ggH_1J_med__r_ggH_1J_med": 1.0, "r_ggH_1J_low__r_ggH_BSM": 0.0044167302548885345, "r_ttH__r_ggH_1J_high": -0.0030571678653359413, "r_ggH_2J_low__r_ggH_1J_high": -0.00220959703437984, "r_tH__r_ggH_2J_high": -0.03437318652868271, "r_ggH_2J_med__r_ggH_BSM": 0.029158854857087135, "r_ggH_2J_high__r_qqH_BSM": 0.001141466898843646, "r_qqH_VBFlike__r_ggH_1J_low": -0.0008916938095353544, "r_ggH_1J_high__r_ggH_2J_high": -0.2452016919851303, "r_ggH_BSM__r_ggH_BSM": 1.0, "r_ttH__r_WH_lep": 0.09379933029413223, "r_qqH_VBFlike__r_ggH_1J_med": -0.01497370470315218, "r_ggH_0J_low__r_ggH_VBFlike": 0.00448673777282238, "r_ggH_1J_low__r_ggH_2J_med": 0.020557647570967674,