{"r_WH_lep__r_qqH_VHhad": 0.01743251457810402, "r_ggH_2J_med__r_ggH_2J_med": 1.0, "r_ggH_2J_low__r_ZH_lep": 0.0024926457554101944, "r_ggH_2J_low__r_qqH_VHhad": -0.08806488662958145, "r_qqH_BSM__r_ggH_0J_low": 0.002243636641651392, "r_qqH_BSM__r_qqH_VBFlike": 0.0017876478377729654, "r_qqH_BSM__r_ggH_2J_low": -2.183210563089233e-05, "r_WH_lep__r_ggH_1J_high": 0.0026124625001102686, "r_ggH_2J_high__r_ggH_0J_high": -0.003377429209649563, "r_ggH_1J_med__r_ggH_0J_high": -0.0006175860180519521, "r_ggH_BSM__r_ZH_lep": 0.0069925072602927685, "r_ggH_1J_med__r_ggH_VBFlike": -0.029738999903202057, "r_ggH_2J_med__r_ttH": 0.010666882619261742, "r_ggH_2J_high__r_ggH_1J_high": -0.254432737827301, "r_qqH_VBFlike__r_ggH_BSM": 0.02457771636545658, "r_ggH_2J_med__r_ggH_2J_low": 7.546832057414576e-05, "r_ggH_0J_low__r_ggH_1J_low": 0.005240193102508783, "r_ggH_2J_low__r_ggH_BSM": 0.021609321236610413, "r_ggH_2J_low__r_ggH_2J_high": 0.026672065258026123, "r_ggH_1J_med__r_qqH_VHhad": 0.047847166657447815, "r_ggH_2J_med__r_ggH_0J_high": -0.004057597368955612, "r_tH__r_ggH_1J_med": 0.016644630581140518, "r_ggH_0J_low__r_qqH_BSM": 0.002243636641651392, "r_ggH_1J_med__r_ggH_2J_low": 0.016690360382199287, "r_qqH_BSM__r_tH": 0.009589389897882938, "r_ggH_2J_high__r_ggH_2J_low": 0.026672065258026123, "r_ZH_lep__r_qqH_BSM": -0.0015085992636159062, "r_ttH__r_ggH_2J_med": 0.010666882619261742, "r_ggH_BSM__r_tH": -0.1257263571023941, "r_qqH_VBFlike__r_ggH_0J_low": -0.0008818358182907104, "r_ttH__r_ggH_2J_low": 0.009010707028210163, "r_ggH_0J_high__r_ggH_1J_med": -0.0006175860180519521, "r_ttH__r_ggH_1J_med": -0.001023788470774889, "r_ggH_0J_low__r_tH": 0.002375673735514283, "r_tH__r_ggH_VBFlike": -0.032779719680547714, "r_ggH_2J_med__r_tH": -0.025984790176153183, "r_ggH_2J_low__r_ggH_1J_med": 0.016690360382199287, "r_WH_lep__r_qqH_BSM": -0.0005627647624351084, "r_ggH_1J_high__r_ggH_2J_low": 0.0010143055114895105, "r_tH__r_ggH_0J_high": 0.010872484184801579, "r_ggH_1J_low__r_qqH_VHhad": 0.018961863592267036, "r_ggH_2J_low__r_ggH_0J_low": -0.02162529155611992, "r_WH_lep__r_ZH_lep": -0.16221345961093903, "r_ggH_1J_med__r_qqH_BSM": 0.0014180330326780677, "r_ZH_lep__r_qqH_VBFlike": -0.0018075987463817, "r_tH__r_ggH_2J_med": -0.025984790176153183, "r_ggH_VBFlike__r_ggH_2J_high": -0.10811825096607208, "r_ZH_lep__r_ggH_0J_low": 0.002882937667891383, "r_ggH_2J_high__r_ttH": 0.015898922458291054, "r_ggH_2J_med__r_ggH_1J_med": -0.3908155858516693, "r_ggH_BSM__r_qqH_BSM": -0.3164123594760895, "r_ggH_VBFlike__r_ggH_2J_low": -0.05766372010111809, "r_qqH_VHhad__r_ggH_0J_high": 0.009784472174942493, "r_ggH_BSM__r_ggH_2J_low": 0.021609321236610413, "r_ggH_VBFlike__r_qqH_VBFlike": -0.7594899535179138, "r_tH__r_qqH_VHhad": -0.07923945784568787, "r_ggH_0J_high__r_ggH_0J_high": 1.0, "r_ggH_VBFlike__r_ggH_1J_med": -0.029738999903202057, "r_qqH_BSM__r_ZH_lep": -0.0015085992636159062, "r_tH__r_tH": 1.0, "r_ggH_2J_med__r_ggH_1J_low": 0.015382377430796623, "r_qqH_VBFlike__r_ggH_2J_high": 0.06459475308656693, "r_ggH_1J_high__r_ggH_VBFlike": -0.027058729901909828, "r_WH_lep__r_ggH_0J_low": 0.0046830871142446995, "r_WH_lep__r_ttH": 0.08780785650014877, "r_ggH_2J_med__r_qqH_BSM": -0.001609304454177618, "r_ggH_BSM__r_ggH_2J_high": 0.025385847315192223, "r_ggH_1J_high__r_qqH_BSM": 0.00256422720849514, "r_ttH__r_ttH": 1.0, "r_ggH_2J_low__r_qqH_VBFlike": 0.041969507932662964, "r_qqH_VHhad__r_ggH_1J_med": 0.047847166657447815, "r_ggH_VBFlike__r_qqH_VHhad": 0.051080577075481415, "r_ggH_VBFlike__r_ZH_lep": -6.678320642095059e-05, "r_ZH_lep__r_ggH_1J_low": 0.0004835880536120385, "r_ggH_2J_high__r_ggH_VBFlike": -0.10811825096607208, "r_ggH_0J_high__r_ZH_lep": 0.0091243339702487, "r_ggH_0J_low__r_ggH_1J_high": 0.007256790064275265, "r_ggH_0J_high__r_ggH_2J_low": -0.011034557595849037, "r_ggH_1J_high__r_ttH": -0.002984089544042945, "r_tH__r_WH_lep": -0.18028852343559265, "r_ttH__r_qqH_BSM": 0.0056457617320120335, "r_ggH_2J_low__r_ggH_2J_med": 7.546832057414576e-05, "r_ttH__r_tH": -0.5943455696105957, "r_qqH_VBFlike__r_qqH_VHhad": -0.027134044095873833, "r_ZH_lep__r_ggH_2J_med": 0.0014837855705991387, "r_WH_lep__r_tH": -0.18028852343559265, "r_ggH_0J_low__r_ttH": 0.005383900832384825, "r_ggH_BSM__r_ggH_1J_low": 0.0019230061443522573, "r_qqH_BSM__r_ggH_1J_med": 0.0014180330326780677, "r_ZH_lep__r_ggH_1J_high": 0.0017099208198487759, "r_ggH_1J_med__r_tH": 0.016644630581140518, "r_ggH_VBFlike__r_ggH_BSM": -0.03997151181101799, "r_tH__r_qqH_VBFlike": 0.024206070229411125, "r_ggH_1J_high__r_tH": 0.015020698308944702, "r_qqH_BSM__r_ggH_BSM": -0.3164123594760895, "r_ttH__r_ZH_lep": 0.011541737243533134, "r_qqH_VHhad__r_qqH_VBFlike": -0.027134044095873833, "r_ggH_2J_med__r_ggH_2J_high": -0.004855238366872072, "r_ggH_0J_high__r_ggH_1J_low": -0.33551347255706787, "r_qqH_BSM__r_qqH_BSM": 1.0, "r_ttH__r_ggH_VBFlike": 0.024399979040026665, "r_ggH_1J_high__r_WH_lep": 0.0026124625001102686, "r_ZH_lep__r_tH": -0.028163371607661247, "r_ZH_lep__r_ggH_VBFlike": -6.678320642095059e-05, "r_ggH_2J_high__r_ggH_0J_low": 6.318408850347623e-05, "r_ggH_1J_med__r_WH_lep": -0.010734956711530685, "r_WH_lep__r_ggH_2J_low": 0.00013834937999490649, "r_ggH_0J_low__r_ggH_2J_med": 0.0010230103507637978, "r_ggH_1J_high__r_ggH_0J_low": 0.007256790064275265, "r_ggH_BSM__r_ggH_0J_low": 0.007005766499787569, "r_qqH_VBFlike__r_ggH_1J_high": -0.035880196839571, "r_ZH_lep__r_ggH_0J_high": 0.0091243339702487, "r_tH__r_ggH_0J_low": 0.002375673735514283, "r_ggH_1J_high__r_qqH_VHhad": 0.045154061168432236, "r_ggH_1J_high__r_ggH_1J_high": 1.0, "r_qqH_VHhad__r_ggH_0J_low": 0.004244228359311819, "r_ttH__r_qqH_VBFlike": -0.002520862268283963, "r_ggH_2J_high__r_WH_lep": 0.003316604532301426, "r_ggH_2J_high__r_ggH_2J_med": -0.004855238366872072, "r_qqH_VBFlike__r_tH": 0.024206070229411125, "r_ggH_2J_low__r_tH": -0.012957842089235783, "r_ggH_2J_high__r_ZH_lep": 0.000969747721683234, "r_ggH_1J_low__r_ggH_1J_med": -0.008080637082457542, "r_ggH_0J_low__r_ggH_2J_low": -0.02162529155611992, "r_ggH_BSM__r_ttH": 0.05527037754654884, "r_qqH_VHhad__r_ggH_2J_high": -0.3075621426105499, "r_ggH_0J_high__r_ggH_1J_high": 0.02712216041982174, "r_ggH_0J_high__r_ttH": 0.0034207685384899378, "r_ggH_0J_high__r_ggH_BSM": 0.020536459982395172, "r_ZH_lep__r_ggH_BSM": 0.0069925072602927685, "r_ggH_2J_med__r_qqH_VHhad": -0.18475572764873505, "r_ggH_2J_high__r_ggH_BSM": 0.025385847315192223, "r_ggH_1J_med__r_ggH_1J_low": -0.008080637082457542, "r_qqH_BSM__r_ttH": 0.0056457617320120335, "r_ggH_VBFlike__r_tH": -0.032779719680547714, "r_ggH_1J_med__r_qqH_VBFlike": -0.01610034704208374, "r_ggH_1J_low__r_ttH": 0.008924326859414577, "r_ggH_2J_high__r_ggH_2J_high": 1.0, "r_ggH_2J_med__r_WH_lep": 0.0019354912219569087, "r_ggH_1J_low__r_ZH_lep": 0.0004835880536120385, "r_WH_lep__r_ggH_1J_med": -0.010734956711530685, "r_ttH__r_ggH_BSM": 0.05527037754654884, "r_ggH_0J_low__r_ZH_lep": 0.002882937667891383, "r_ggH_2J_low__r_ttH": 0.009010707028210163, "r_ggH_1J_low__r_tH": 0.01052090059965849, "r_ggH_1J_high__r_ggH_2J_med": 0.008882468566298485, "r_ggH_1J_med__r_ttH": -0.001023788470774889, "r_ggH_2J_low__r_WH_lep": 0.00013834937999490649, "r_tH__r_ttH": -0.5943455696105957, "r_ZH_lep__r_WH_lep": -0.16221345961093903, "r_WH_lep__r_ggH_VBFlike": 0.00688116205856204, "r_ggH_1J_low__r_ggH_2J_low": -0.33874982595443726, "r_qqH_VHhad__r_ggH_1J_high": 0.045154061168432236, "r_ggH_1J_med__r_ggH_1J_med": 1.0, "r_ggH_1J_low__r_ggH_BSM": 0.0019230061443522573, "r_ttH__r_ggH_1J_high": -0.002984089544042945, "r_ggH_2J_low__r_ggH_1J_high": 0.0010143055114895105, "r_tH__r_ggH_2J_high": -0.04759536311030388, "r_ggH_2J_med__r_ggH_BSM": 0.02894279733300209, "r_ggH_2J_high__r_qqH_BSM": 0.001332007464952767, "r_qqH_VBFlike__r_ggH_1J_low": -0.0030163272749632597, "r_ggH_1J_high__r_ggH_2J_high": -0.254432737827301, "r_ggH_BSM__r_ggH_BSM": 1.0, "r_ttH__r_WH_lep": 0.08780785650014877, "r_qqH_VBFlike__r_ggH_1J_med": -0.01610034704208374, "r_ggH_0J_low__r_ggH_VBFlike": 0.00660367077216506, "r_ggH_1J_low__r_ggH_2J_med": 0.015382377430796623,