{"r_top__r_VH": -0.06510908901691437, "r_top__r_top": 1.0, "r_top__r_ggH": 0.036753520369529724, "r_VBF__r_VH": 0.01830517314374447, "r_VH__r_VBF": 0.01830517314374447, "r_VH__r_VH": 1.0, "r_VH__r_top": -0.06510908901691437, "r_ggH__r_VBF": -0.20438428223133087, "r_VH__r_ggH": -0.03602122887969017, "r_VBF__r_top": 0.014710512943565845, "r_VBF__r_ggH": -0.20438428223133087, "r_VBF__r_VBF": 1.0, "r_ggH__r_top": 0.036753520369529724, "r_ggH__r_ggH": 1.0, "r_top__r_VBF": 0.014710512943565845, "r_ggH__r_VH": -0.03602122887969017}